TIME	EVENT	NODES
0	O	Root
4.187511077714989	S	Root;1;n1;2;n2;3
4.844293709453745	S	n1;2;n3;4;n4;5
6.221218086288815	L	n3;4
6.343788664382323	S	n4;5;n5;6;n6;7
7.461657474483729	S	n6;7;n7;8;n8;9
8.314981374060952	S	n8;9;n9;10;n10;11
9.019985194786086	L	n2;3
11.357004905749223	E	n7;8
13.146754713478709	S	n5;6;n11;12;n12;13
15.828415539126318	D	n10;11;n10;14;n10;15
16.567403830161158	S	n10;14;n13;16;n14;17
16.567403830161158	S	n10;15;n13;18;n14;19
17.332624481574445	E	n13;16
17.332624481574445	E	n13;18
19.16324440740152	S	n9;10;n15;20;n16;21
20.739412400867973	D	n14;19;n14;22;n14;23
20.748472009470056	L	n16;21
20.90218399318113	L	n11;12
21.042912484040116	S	n14;17;n17;24;n18;25
21.042912484040116	S	n14;22;n17;26;n18;27
21.042912484040116	S	n14;23;n17;28;n18;29
24.08080022667432	S	n18;25;n27;30;n28;31
24.08080022667432	S	n18;27;n27;32;n28;33
24.08080022667432	S	n18;29;n27;34;n28;35
24.516536765509	T	n27;34;n27;36;n26;37
25.93290194919653	L	n12;13
26.300125337829442	D	n27;36;n27;38;n27;39
26.88256049007942	T	n17;28;n17;40;n21;41
27.971072119891755	E	n21;41
28.400426671273454	T	n28;35;n28;42;n30;43
29.035416467045504	E	n30;43
29.459769704529013	S	n26;37;n33;44;n34;45
30.389199055551433	F	n17;24
30.389199055551433	F	n17;26
30.389199055551433	F	n17;40
30.389199055551433	F	n27;30
30.389199055551433	F	n27;32
30.389199055551433	F	n27;38
30.389199055551433	F	n27;39
30.389199055551433	F	n34;45
30.389199055551433	F	n28;31
30.389199055551433	F	n28;33
30.389199055551433	F	n28;42
30.389199055551433	F	n33;44
30.389199055551433	F	n15;20
