TIME	EVENT	NODES
44.85915866501163	D	30_106;30_110;30_111
45.02232099161935	D	24_44;24_48;24_49
