TIME	EVENT	NODES
0	O	Root
4.187511077714989	S	Root;1;n1;2;n2;3
4.844293709453745	S	n1;2;n3;4;n4;5
6.343788664382323	S	n4;5;n5;6;n6;7
7.461657474483729	S	n6;7;n7;8;n8;9
8.314981374060952	S	n8;9;n9;10;n10;11
10.80687358408375	D	n2;3;n2;12;n2;13
11.357004905749223	E	n7;8
13.146754713478709	S	n5;6;n11;14;n12;15
16.200793963600574	E	n3;4
16.567403830161158	S	n10;11;n13;16;n14;17
17.332624481574445	E	n13;16
19.16324440740152	S	n9;10;n15;18;n16;19
21.042912484040116	S	n14;17;n17;20;n18;21
21.218135116893492	S	n16;19;n19;22;n20;23
21.3440472148918	D	n12;15;n12;24;n12;25
21.79266246244615	D	n18;21;n18;26;n18;27
21.90786886805524	S	n19;22;n21;28;n22;29
22.3432788972331	S	n11;14;n23;30;n24;31
22.758462029361226	D	n15;18;n15;32;n15;33
23.166448563963524	L	n12;25
23.166448563963524	T	n22;29;n22;34;n12;35
23.954336085282627	S	n22;34;n25;36;n26;37
24.08080022667432	S	n18;26;n27;38;n28;39
24.08080022667432	S	n18;27;n27;40;n28;41
24.084556486118892	D	n17;20;n17;42;n17;43
25.49053306525723	D	n2;12;n2;44;n2;45
27.554947452108376	S	n23;30;n29;46;n30;47
27.931209110848865	S	n25;36;n31;48;n32;49
27.971072119891755	E	n21;28
28.48753952725139	D	n26;37;n26;50;n26;51
29.035416467045504	E	n30;47
29.459769704529013	S	n26;50;n33;52;n34;53
29.459769704529013	S	n26;51;n33;54;n34;55
29.658832958454028	S	n29;46;n35;56;n36;57
29.73612421315088	S	n20;23;n37;58;n38;59
30.389199055551433	F	n36;57
30.389199055551433	F	n17;42
30.389199055551433	F	n17;43
30.389199055551433	F	n37;58
30.389199055551433	F	n27;38
30.389199055551433	F	n27;40
30.389199055551433	F	n2;44
30.389199055551433	F	n2;45
30.389199055551433	F	n2;13
30.389199055551433	F	n31;48
30.389199055551433	F	n34;53
30.389199055551433	F	n34;55
30.389199055551433	F	n38;59
30.389199055551433	F	n32;49
30.389199055551433	F	n12;24
30.389199055551433	F	n12;35
30.389199055551433	F	n28;39
30.389199055551433	F	n28;41
30.389199055551433	F	n35;56
30.389199055551433	F	n24;31
30.389199055551433	F	n33;52
30.389199055551433	F	n33;54
30.389199055551433	F	n15;32
30.389199055551433	F	n15;33
