TIME	EVENT	NODES
29.847766322204205	D	48_117;48_134;48_135
30.079949512636357	D	18_177;18_194;18_195
30.12988780377627	D	23_127;23_146;23_147
