TIME	EVENT	NODES
48.53061190687868	D	31_91;31_102;31_103
48.89262351049426	D	37_99;37_106;37_107
