TIME	EVENT	NODES
7.794781302262183	D	21_9;21_10;21_11
8.226902300005971	LT	n8;49_17;n8;49_20;n5;49_21
