TIME	EVENT	NODES
49.62919122003273	L	26_111
49.65678796145015	L	39_143
49.77789878471761	L	37_79
