TIME	EVENT	NODES
47.94533345553323	L	38_52
48.40956311850885	L	19_66
48.83702709004045	D	21_60;21_72;21_73
49.49685251667292	D	27_98;27_132;27_133
