TIME	EVENT	NODES
48.43365553599395	L	37_101
48.57537742075078	D	42_81;42_88;42_89
49.342239576630725	D	27_121;27_130;27_131
