TIME	EVENT	NODES
49.13430509733555	L	16_160
49.406036112391746	D	35_90;35_94;35_95
49.41358322103896	D	31_108;31_110;31_111
