TIME	EVENT	NODES
35.16208754597993	D	16_42;16_48;16_49
35.1949851020112	L	24_20
